{
    "name": "root",
    "gauges": {
        "SnakeGame.Policy.Entropy.mean": {
            "value": 0.09739712625741959,
            "min": 0.00131601735483855,
            "max": 0.8942088484764099,
            "count": 303
        },
        "SnakeGame.Policy.Entropy.sum": {
            "value": 972.1207275390625,
            "min": 13.177281379699707,
            "max": 8946.5595703125,
            "count": 303
        },
        "SnakeGame.Environment.EpisodeLength.mean": {
            "value": 46.67307692307692,
            "min": 3.216182048040455,
            "max": 62.0188679245283,
            "count": 303
        },
        "SnakeGame.Environment.EpisodeLength.sum": {
            "value": 9708.0,
            "min": 7632.0,
            "max": 10384.0,
            "count": 303
        },
        "SnakeGame.Policy.ExtrinsicValueEstimate.mean": {
            "value": 2.5951085090637207,
            "min": 0.19684311747550964,
            "max": 3.580791473388672,
            "count": 303
        },
        "SnakeGame.Policy.ExtrinsicValueEstimate.sum": {
            "value": 664.3477783203125,
            "min": 48.2265625,
            "max": 1418.35400390625,
            "count": 303
        },
        "SnakeGame.Environment.CumulativeReward.mean": {
            "value": 3.3444976076555024,
            "min": 0.15050590219224283,
            "max": 4.502325581395349,
            "count": 303
        },
        "SnakeGame.Environment.CumulativeReward.sum": {
            "value": 699.0,
            "min": 66.0,
            "max": 1156.0,
            "count": 303
        },
        "SnakeGame.Policy.ExtrinsicReward.mean": {
            "value": 3.3444976076555024,
            "min": 0.15050590219224283,
            "max": 4.502325581395349,
            "count": 303
        },
        "SnakeGame.Policy.ExtrinsicReward.sum": {
            "value": 699.0,
            "min": 66.0,
            "max": 1156.0,
            "count": 303
        },
        "SnakeGame.Losses.PolicyLoss.mean": {
            "value": 0.24138507166548534,
            "min": 0.23398528250394887,
            "max": 0.253374342644995,
            "count": 303
        },
        "SnakeGame.Losses.PolicyLoss.sum": {
            "value": 19.552190804904313,
            "min": 16.978202668163245,
            "max": 23.940511338112376,
            "count": 303
        },
        "SnakeGame.Losses.ValueLoss.mean": {
            "value": 1.617725098831681,
            "min": 0.18243957357855642,
            "max": 2.849692589518893,
            "count": 303
        },
        "SnakeGame.Losses.ValueLoss.sum": {
            "value": 131.03573300536615,
            "min": 17.33175948996286,
            "max": 233.67479234054923,
            "count": 303
        },
        "SnakeGame.Policy.LearningRate.mean": {
            "value": 0.00011850021161106074,
            "min": 0.00011850021161106074,
            "max": 0.0002997011217838365,
            "count": 303
        },
        "SnakeGame.Policy.LearningRate.sum": {
            "value": 0.00959851714049592,
            "min": 0.00930952125682778,
            "max": 0.028471606569464472,
            "count": 303
        },
        "SnakeGame.Policy.Epsilon.mean": {
            "value": 0.1395000503703704,
            "min": 0.1395000503703704,
            "max": 0.19990037389473678,
            "count": 303
        },
        "SnakeGame.Policy.Epsilon.sum": {
            "value": 11.299504080000002,
            "min": 10.127909540000001,
            "max": 18.990535519999995,
            "count": 303
        },
        "SnakeGame.Policy.Beta.mean": {
            "value": 0.0002035502468148148,
            "min": 0.0002035502468148148,
            "max": 0.0004995118320842106,
            "count": 303
        },
        "SnakeGame.Policy.Beta.sum": {
            "value": 0.016487569992,
            "min": 0.015975543877999997,
            "max": 0.04745362404800001,
            "count": 303
        },
        "SnakeGame.IsTraining.mean": {
            "value": 1.0,
            "min": 1.0,
            "max": 1.0,
            "count": 303
        },
        "SnakeGame.IsTraining.sum": {
            "value": 1.0,
            "min": 1.0,
            "max": 1.0,
            "count": 303
        }
    },
    "metadata": {
        "timer_format_version": "0.1.0",
        "start_time_seconds": "1617467758",
        "python_version": "3.8.5 (default, Sep  3 2020, 21:29:08) [MSC v.1916 64 bit (AMD64)]",
        "command_line_arguments": "C:\\ProgramData\\Anaconda3\\Scripts\\mlagents-learn Config\\snake_game_config.yaml --force",
        "mlagents_version": "0.25.0",
        "mlagents_envs_version": "0.25.0",
        "communication_protocol_version": "1.5.0",
        "pytorch_version": "1.8.1+cpu",
        "numpy_version": "1.19.2",
        "end_time_seconds": "1617507667"
    },
    "total": 39909.785733699995,
    "count": 1,
    "self": 0.06864409999980126,
    "children": {
        "run_training.setup": {
            "total": 0.2973882999999997,
            "count": 1,
            "self": 0.2973882999999997
        },
        "TrainerController.start_learning": {
            "total": 39909.419701299994,
            "count": 1,
            "self": 144.77384680110117,
            "children": {
                "TrainerController._reset_env": {
                    "total": 9.915446800000002,
                    "count": 1,
                    "self": 9.915446800000002
                },
                "TrainerController.advance": {
                    "total": 39754.308901398894,
                    "count": 3143631,
                    "self": 70.88311469909968,
                    "children": {
                        "env_step": {
                            "total": 39683.425786699794,
                            "count": 3143631,
                            "self": 32146.288807105193,
                            "children": {
                                "SubprocessEnvManager._take_step": {
                                    "total": 7457.792892999447,
                                    "count": 3143631,
                                    "self": 301.88231859906045,
                                    "children": {
                                        "TorchPolicy.evaluate": {
                                            "total": 7155.910574400386,
                                            "count": 3033664,
                                            "self": 1902.6291861039263,
                                            "children": {
                                                "TorchPolicy.sample_actions": {
                                                    "total": 5253.28138829646,
                                                    "count": 3033664,
                                                    "self": 5253.28138829646
                                                }
                                            }
                                        }
                                    }
                                },
                                "workers": {
                                    "total": 79.3440865951543,
                                    "count": 3143630,
                                    "self": 0.0,
                                    "children": {
                                        "worker_root": {
                                            "total": 39719.947957403594,
                                            "count": 3143630,
                                            "is_parallel": true,
                                            "self": 14198.078959401675,
                                            "children": {
                                                "steps_from_proto": {
                                                    "total": 0.0004381999999996111,
                                                    "count": 1,