{"count":1,"self":7286.3588352,"total":39866.2425382,"children":{"InitializeActuators":{"count":1,"self":0.002,"total":0.002,"children":null},"InitializeSensors":{"count":1,"self":0.0019979,"total":0.0019979,"children":null},"AgentSendState":{"count":60673286,"self":95.3693184,"total":431.3955512,"children":{"CollectObservations":{"count":3033665,"self":11.3851952,"total":11.3851955,"children":null},"WriteActionMask":{"count":3033665,"self":7.6186983999999995,"total":7.6186983999999995,"children":null},"RequestDecision":{"count":3033665,"self":24.0962176,"total":317.0223378,"children":{"AgentInfo.ToProto":{"count":3033665,"self":23.626377599999998,"total":292.92612099999997,"children":{"GenerateSensorData":{"count":3033665,"self":64.4629696,"total":269.29974269999997,"children":{"RayPerceptionSensor.Perceive":{"count":3033665,"self":204.8367744,"total":204.836772,"children":null}}}}}}}}},"DecideAction":{"count":60673286,"self":31967.2123392,"total":31967.213542399997,"children":null},"AgentAct":{"count":60673286,"self":169.4972928,"total":181.267529,"children":{"AgentInfo.ToProto":{"count":109964,"self":0.83262989999999992,"total":11.7702346,"children":{"GenerateSensorData":{"count":109964,"self":2.3033243999999997,"total":10.9376047,"children":{"RayPerceptionSensor.Perceive":{"count":109964,"self":8.63428,"total":8.6342802,"children":null}}}}}}}},"gauges":{"SnakeGame.CumulativeReward":{"count":109964,"max":18,"min":-1,"runningAverage":1.84864664,"value":2,"weightedAverage":2.8551178}},"metadata":{"timer_format_version":"0.1.0","start_time_seconds":"1617467765","unity_version":"2020.3.1f1","command_line_arguments":"C:\\Program Files\\Unity\\Hub\\Editor\\2020.3.1f1\\Editor\\Unity.exe -projectpath C:\/Users\/enzod\/Documents\/Snake Game AI -useHub -hubIPC -cloudEnvironment production -hubSessionId d83e9fe0-9441-11eb-aad6-9579aff4ae2f -accessToken cskFlb4lh3775OCNcaYSmJTKw4nizrU24A0JhXAGePU001f","communication_protocol_version":"1.5.0","com.unity.ml-agents_version":"1.9.0-preview","scene_name":"Scene","end_time_seconds":"1617507629"}}